name,draft_year,sportsref_player_raw,sportsref_url,sportsref_match_method,sportsref_match_score,sportsref_school,sportsref_conf,sportsref_season,sportsref_games,sportsref_games_started,sportsref_mpg,sportsref_ppg,sportsref_rpg,sportsref_apg,sportsref_spg,sportsref_bpg,sportsref_tpg,sportsref_fg_pct,sportsref_two_pct,sportsref_three_pct,sportsref_ft_pct
a j guyton,2000,a j guyton,https://www.sports-reference.com/cbb/players/aj-guyton-1.html,slug_search,100.0,Indiana,Big Ten,1999-00,29.0,29.0,34.3,19.7,3.1,2.3,1.0,0.4,2.4,0.459,0.485,0.419,0.789
brian cardinal,2000,brian cardinal,https://www.sports-reference.com/cbb/players/brian-cardinal-1.html,slug_search,100.0,Purdue,Big Ten,1999-00,32.0,29.0,29.5,13.9,6.3,2.2,2.0,0.3,2.3,0.411,0.455,0.339,0.769
chris carrawell,2000,chris carrawell,https://www.sports-reference.com/cbb/players/chris-carrawell-1.html,slug_search,100.0,Duke,ACC,1999-00,34.0,34.0,35.6,16.9,6.1,3.2,1.0,1.1,2.0,0.486,0.51,0.377,0.778
chris mihm,2000,chris mihm,https://www.sports-reference.com/cbb/players/chris-mihm-1.html,slug_search,100.0,Texas,Big 12,1999-00,33.0,33.0,30.7,17.7,10.5,0.7,0.3,2.7,2.5,0.523,0.525,0.467,0.707
chris porter,2000,chris porter,https://www.sports-reference.com/cbb/players/chris-porter-1.html,slug_search,100.0,Auburn,SEC,1999-00,26.0,26.0,29.0,14.6,7.3,1.2,2.0,0.3,2.1,0.464,0.477,0.235,0.676
courtney alexander,2000,courtney alexander,https://www.sports-reference.com/cbb/players/courtney-alexander-1.html,slug_search,100.0,Fresno St.,WAC,1999-00,27.0,27.0,36.1,24.8,4.7,3.5,1.4,0.1,2.5,0.447,0.499,0.331,0.781
dan langhi,2000,dan langhi,https://www.sports-reference.com/cbb/players/dan-langhi-1.html,slug_search,100.0,Vanderbilt,SEC,1999-00,30.0,29.0,34.4,22.1,6.0,0.8,0.4,0.3,1.8,0.477,0.511,0.403,0.871
dan mcclintock,2000,dan mcclintock,https://www.sports-reference.com/cbb/players/dan-mcclintock-1.html,slug_search,100.0,Northern Ariz.,Big Sky,1999-00,31.0,31.0,24.3,15.6,6.5,1.2,0.4,2.3,1.8,0.597,0.597,,0.682
dermarr johnson,2000,dermarr johnson,https://www.sports-reference.com/cbb/players/dermarr-johnson-1.html,slug_search,100.0,Cincinnati,CUSA,1999-00,32.0,32.0,27.5,12.6,3.8,1.4,1.0,0.9,1.4,0.478,0.575,0.371,0.737
desmond mason,2000,desmond mason,https://www.sports-reference.com/cbb/players/desmond-mason-1.html,slug_search,100.0,Oklahoma St.,Big 12,1999-00,34.0,34.0,35.4,18.0,6.6,1.5,1.2,1.0,1.8,0.499,0.536,0.43,0.767
donnell harvey,2000,donnell harvey,https://www.sports-reference.com/cbb/players/donnell-harvey-1.html,slug_search,100.0,Florida,SEC,1999-00,37.0,9.0,20.2,10.1,7.0,1.0,0.7,0.8,1.6,0.507,0.509,0.0,0.61
eddie house,2000,eddie house,https://www.sports-reference.com/cbb/players/eddie-house-1.html,slug_search,100.0,Arizona St.,Pac-10,1999-00,32.0,31.0,37.2,23.0,5.5,3.5,2.3,0.1,2.3,0.422,0.449,0.365,0.835
eduardo najera,2000,eduardo najera,https://www.sports-reference.com/cbb/players/eduardo-najera-1.html,slug_search,100.0,Oklahoma,Big 12,1999-00,34.0,34.0,34.2,18.4,9.2,2.1,1.7,0.7,2.4,0.455,0.5,0.22,0.688
erick barkley,2000,erick barkley,https://www.sports-reference.com/cbb/players/erick-barkley-1.html,slug_search,100.0,St. John's (NY),Big East,1999-00,28.0,27.0,36.9,16.0,3.0,4.5,3.0,0.3,2.4,0.398,0.454,0.313,0.664
etan thomas,2000,etan thomas,https://www.sports-reference.com/cbb/players/etan-thomas-1.html,slug_search,100.0,Syracuse,Big East,1999-00,29.0,29.0,32.4,13.6,9.3,0.6,0.8,3.7,2.0,0.602,0.602,,0.678
hanno mottola,2000,hanno mottola,https://www.sports-reference.com/cbb/players/hanno-mottola-1.html,slug_search,100.0,Utah,MWC,1999-00,21.0,19.0,27.6,17.0,4.8,1.7,0.2,0.6,3.0,0.498,0.549,0.35,0.827
jabari smith,2000,jabari smith,https://www.sports-reference.com/cbb/players/jabari-smith-1.html,slug_search,100.0,LSU,SEC,1999-00,34.0,34.0,28.5,12.5,7.0,2.2,0.7,1.0,2.6,0.553,0.579,0.371,0.595
jake voskuhl,2000,jake voskuhl,https://www.sports-reference.com/cbb/players/jake-voskuhl-1.html,slug_search,100.0,UConn,Big East,1999-00,34.0,34.0,22.9,8.5,6.4,1.1,0.5,1.4,1.8,0.571,0.571,,0.683
jamaal magloire,2000,jamaal magloire,https://www.sports-reference.com/cbb/players/jamaal-magloire-1.html,slug_search,100.0,Kentucky,SEC,1999-00,33.0,33.0,29.6,13.2,9.1,0.5,0.5,1.7,2.9,0.5,0.5,,0.685
jamal crawford,2000,jamal crawford,https://www.sports-reference.com/cbb/players/jamal-crawford-1.html,slug_search,100.0,Michigan,Big Ten,1999-00,17.0,16.0,33.9,16.6,2.8,4.5,1.1,0.9,3.1,0.412,0.468,0.327,0.784
jaquay walls,2000,jaquay walls,https://www.sports-reference.com/cbb/players/jaquay-walls-1.html,slug_search,100.0,Colorado,Big 12,1999-00,32.0,32.0,30.8,17.0,3.2,4.5,1.5,0.2,2.6,0.441,0.474,0.388,0.754
jason collier,2000,jason collier,https://www.sports-reference.com/cbb/players/jason-collier-1.html,slug_search,100.0,Ga Tech,ACC,1999-00,30.0,30.0,32.5,17.0,9.2,1.6,0.8,1.1,3.2,0.473,0.503,0.369,0.735
jason hart,2000,jason hart,https://www.sports-reference.com/cbb/players/jason-hart-1.html,slug_search,100.0,Syracuse,Big East,1999-00,32.0,32.0,33.8,11.9,3.0,6.5,1.8,0.1,3.5,0.411,0.46,0.33,0.734
jerome moiso,2000,jerome moiso,https://www.sports-reference.com/cbb/players/jerome-moiso-1.html,slug_search,100.0,UCLA,Pac-10,1999-00,33.0,30.0,29.5,13.0,7.6,1.2,1.1,1.7,2.7,0.501,0.508,0.167,0.613
joel przybilla,2000,joel przybilla,https://www.sports-reference.com/cbb/players/joel-przybilla-1.html,slug_search,100.0,Minnesota,Big Ten,1999-00,21.0,19.0,30.4,14.2,8.4,2.4,0.8,3.9,3.7,0.613,0.613,,0.495
kaniel dickens,2000,kaniel dickens,https://www.sports-reference.com/cbb/players/kaniel-dickens-1.html,slug_search,100.0,Idaho,Big West,1999-00,29.0,29.0,27.4,12.1,6.6,0.9,0.9,0.9,2.2,0.486,0.502,0.382,0.638
kenyon martin,2000,kenyon martin,https://www.sports-reference.com/cbb/players/kenyon-martin-1.html,slug_search,100.0,Cincinnati,CUSA,1999-00,31.0,31.0,29.3,18.9,9.7,1.4,1.4,3.5,1.8,0.568,0.573,0.286,0.684
keyon dooling,2000,keyon dooling,https://www.sports-reference.com/cbb/players/keyon-dooling-1.html,slug_search,100.0,Missouri,Big 12,1999-00,31.0,30.0,31.7,15.3,2.7,3.6,1.4,0.5,2.5,0.389,0.424,0.347,0.743
khalid el amin,2000,khalid el amin,https://www.sports-reference.com/cbb/players/khalid-el-amin-1.html,slug_search,100.0,UConn,Big East,1999-00,35.0,35.0,31.9,16.0,3.1,5.2,1.7,0.1,2.7,0.411,0.443,0.356,0.892
lavor postell,2000,lavor postell,https://www.sports-reference.com/cbb/players/lavor-postell-1.html,slug_search,100.0,St. John's (NY),Big East,1999-00,33.0,33.0,35.0,14.3,6.9,1.8,0.9,0.6,1.5,0.428,0.463,0.294,0.809
mamadou n diaye,2000,mamadou n diaye,https://www.sports-reference.com/cbb/players/mamadou-ndiaye-1.html,slug_search,100.0,Auburn,SEC,1999-00,34.0,33.0,26.6,8.9,7.9,0.5,0.8,1.9,2.1,0.535,0.535,,0.665
marcus fizer,2000,marcus fizer,https://www.sports-reference.com/cbb/players/marcus-fizer-1.html,slug_search,100.0,Iowa St.,Big 12,1999-00,37.0,37.0,33.6,22.8,7.7,1.1,0.8,1.1,2.1,0.582,0.6,0.357,0.732
mark karcher,2000,mark karcher,https://www.sports-reference.com/cbb/players/mark-karcher-1.html,slug_search,100.0,Temple,A-10,1999-00,32.0,32.0,31.9,15.8,4.6,2.2,1.8,0.2,2.0,0.378,0.407,0.349,0.569
mark madsen,2000,mark madsen,https://www.sports-reference.com/cbb/players/mark-madsen-1.html,slug_search,100.0,Stanford,Pac-10,1999-00,23.0,20.0,27.3,12.2,9.3,1.1,0.6,0.9,1.5,0.587,0.587,,0.575
mateen cleaves,2000,mateen cleaves,https://www.sports-reference.com/cbb/players/mateen-cleaves-1.html,slug_search,100.0,Michigan St.,Big Ten,1999-00,26.0,24.0,31.5,12.1,1.8,6.9,1.4,0.2,3.7,0.421,0.443,0.376,0.756
michael redd,2000,michael redd,https://www.sports-reference.com/cbb/players/michael-redd-1.html,slug_search,100.0,Ohio St.,Big Ten,1999-00,30.0,30.0,33.5,17.3,6.5,2.1,1.2,0.2,2.1,0.436,0.474,0.315,0.776
mike miller,2000,mike miller,https://www.sports-reference.com/cbb/players/mike-miller-1.html,slug_search,100.0,Florida,SEC,1999-00,37.0,37.0,28.6,14.1,6.6,2.5,1.2,0.4,1.9,0.476,0.559,0.338,0.729
mike smith,2000,mike smith,https://www.sports-reference.com/cbb/players/mike-smith-1.html,slug_search,100.0,La.-Monroe,Southland,1999-00,28.0,27.0,36.1,20.1,9.4,3.4,1.5,0.9,4.3,0.424,0.511,0.338,0.801
morris peterson,2000,morris peterson,https://www.sports-reference.com/cbb/players/morris-peterson-1.html,slug_search,100.0,Michigan St.,Big Ten,1999-00,39.0,38.0,29.1,16.8,6.0,1.3,1.2,0.3,2.2,0.465,0.494,0.425,0.773
pete mickeal,2000,pete mickeal,https://www.sports-reference.com/cbb/players/pete-mickeal-1.html,slug_search,100.0,Cincinnati,CUSA,1999-00,32.0,31.0,31.3,13.5,6.3,1.8,1.4,0.5,2.2,0.504,0.545,0.35,0.723
quentin richardson,2000,quentin richardson,https://www.sports-reference.com/cbb/players/quentin-richardson-1.html,slug_search,100.0,DePaul,CUSA,1999-00,33.0,33.0,34.8,17.0,9.8,2.2,1.1,0.3,2.3,0.432,0.464,0.384,0.706
scoonie penn,2000,scoonie penn,https://www.sports-reference.com/cbb/players/scoonie-penn-1.html,slug_search,100.0,Ohio St.,Big Ten,1999-00,30.0,30.0,35.0,15.6,4.4,4.3,2.2,0.1,2.6,0.386,0.474,0.313,0.755
speedy claxton,2000,speedy claxton,https://www.sports-reference.com/cbb/players/speedy-claxton-1.html,slug_search,100.0,Hofstra,AmEast,1999-00,31.0,31.0,35.1,22.8,5.4,6.0,3.3,0.2,3.3,0.47,0.5,0.381,0.764
stromile swift,2000,stromile swift,https://www.sports-reference.com/cbb/players/stromile-swift-1.html,slug_search,100.0,LSU,SEC,1999-00,34.0,33.0,29.8,16.2,8.2,0.9,1.5,2.8,2.4,0.608,0.634,0.28,0.617
alton ford,2001,alton ford,https://www.sports-reference.com/cbb/players/alton-ford-1.html,slug_search,100.0,Houston,CUSA,2000-01,26.0,18.0,25.5,10.8,5.9,0.7,0.2,0.7,2.5,0.432,0.462,0.265,0.609
alvin jones,2001,alvin jones,https://www.sports-reference.com/cbb/players/alvin-jones-1.html,slug_search,100.0,Ga Tech,ACC,2000-01,30.0,30.0,29.2,13.4,10.4,1.5,0.9,3.4,3.0,0.482,0.486,0.0,0.596
andre hutson,2001,andre hutson,https://www.sports-reference.com/cbb/players/andre-hutson-1.html,slug_search,100.0,Michigan St.,Big Ten,2000-01,32.0,31.0,29.9,13.8,7.6,1.9,0.8,0.5,1.6,0.622,0.622,,0.725
bobby simmons,2001,bobby simmons,https://www.sports-reference.com/cbb/players/bobby-simmons-1.html,slug_search,100.0,DePaul,CUSA,2000-01,29.0,28.0,33.8,16.7,8.6,2.5,0.8,0.1,2.1,0.447,0.524,0.37,0.8
brandon armstrong,2001,brandon armstrong,https://www.sports-reference.com/cbb/players/brandon-armstrong-1.html,slug_search,100.0,Pepperdine,WCC,2000-01,31.0,30.0,33.1,22.1,3.3,1.5,1.5,0.2,2.1,0.447,0.484,0.384,0.826
brendan haywood,2001,brendan haywood,https://www.sports-reference.com/cbb/players/brendan-haywood-1.html,slug_search,100.0,UNC,ACC,2000-01,33.0,33.0,27.3,12.3,7.3,1.3,0.5,3.6,2.0,0.592,0.592,,0.516
brian scalabrine,2001,brian scalabrine,https://www.sports-reference.com/cbb/players/brian-scalabrine-1.html,slug_search,100.0,USC,Pac-10,2000-01,34.0,33.0,32.8,14.7,5.9,2.8,0.9,0.9,3.1,0.478,0.517,0.303,0.801
bryan bracey,2001,bryan bracey,https://www.sports-reference.com/cbb/players/bryan-bracey-1.html,slug_search,100.0,Oregon,Pac-10,2000-01,28.0,25.0,30.6,18.6,7.1,1.0,1.0,0.3,2.6,0.493,0.515,0.427,0.788
damone brown,2001,damone brown,https://www.sports-reference.com/cbb/players/damone-brown-1.html,slug_search,100.0,Syracuse,Big East,2000-01,34.0,34.0,35.9,16.4,8.8,1.6,1.7,1.4,2.0,0.492,0.499,0.286,0.791
earl watson,2001,earl watson,https://www.sports-reference.com/cbb/players/earl-watson-1.html,slug_search,100.0,UCLA,Pac-10,2000-01,32.0,32.0,34.8,14.7,3.7,5.2,1.9,0.3,3.4,0.493,0.556,0.352,0.636
eddie griffin,2001,eddie griffin,https://www.sports-reference.com/cbb/players/eddie-griffin-1.html,slug_search,100.0,Seton Hall,Big East,2000-01,30.0,30.0,32.6,17.8,10.8,1.6,0.9,4.4,2.2,0.429,0.469,0.32,0.734
eric chenowith,2001,eric chenowith,https://www.sports-reference.com/cbb/players/eric-chenowith-1.html,slug_search,100.0,Kansas,Big 12,2000-01,33.0,25.0,22.6,9.5,7.6,0.8,0.3,1.5,2.1,0.457,0.461,0.0,0.684
gerald wallace,2001,gerald wallace,https://www.sports-reference.com/cbb/players/gerald-wallace-1.html,slug_search,100.0,Alabama,SEC,2000-01,36.0,2.0,22.9,9.8,6.0,1.5,1.2,1.0,2.4,0.438,0.511,0.175,0.568
gilbert arenas,2001,gilbert arenas,https://www.sports-reference.com/cbb/players/gilbert-arenas-1.html,slug_search,100.0,Arizona,Pac-10,2000-01,36.0,33.0,29.0,16.2,3.6,2.3,1.8,0.2,2.8,0.479,0.519,0.416,0.724
jamaal tinsley,2001,jamaal tinsley,https://www.sports-reference.com/cbb/players/jamaal-tinsley-1.html,slug_search,100.0,Iowa St.,Big 12,2000-01,31.0,31.0,32.2,14.3,3.8,6.0,2.5,0.6,3.8,0.399,0.406,0.381,0.692
jamison brewer,2001,jamison brewer,https://www.sports-reference.com/cbb/players/jamison-brewer-1.html,slug_search,100.0,Auburn,SEC,2000-01,32.0,32.0,32.3,8.4,7.2,5.8,1.5,0.1,2.9,0.469,0.534,0.227,0.529
jarron collins,2001,jarron collins,https://www.sports-reference.com/cbb/players/jarron-collins-1.html,slug_search,100.0,Stanford,Pac-10,2000-01,34.0,34.0,28.3,12.8,6.7,1.4,0.6,0.6,1.5,0.558,0.563,0.333,0.687
jason collins,2001,jason collins,https://www.sports-reference.com/cbb/players/jason-collins-1.html,slug_search,100.0,Stanford,Pac-10,2000-01,34.0,34.0,26.3,14.5,7.8,1.5,0.8,1.3,1.6,0.62,0.637,0.462,0.784
jason richardson,2001,jason richardson,https://www.sports-reference.com/cbb/players/jason-richardson-1.html,slug_search,100.0,Michigan St.,Big Ten,2000-01,33.0,32.0,28.5,14.7,5.9,2.2,1.2,0.8,1.3,0.503,0.554,0.402,0.689
jeff trepagnier,2001,jeff trepagnier,https://www.sports-reference.com/cbb/players/jeff-trepagnier-1.html,slug_search,100.0,USC,Pac-10,2000-01,21.0,17.0,29.6,9.0,5.1,1.6,1.5,1.0,1.9,0.453,0.512,0.235,0.607
jeryl sasser,2001,jeryl sasser,https://www.sports-reference.com/cbb/players/jeryl-sasser-1.html,slug_search,100.0,SMU,WAC,2000-01,29.0,28.0,34.9,17.0,8.3,4.2,1.4,0.6,2.1,0.394,0.437,0.287,0.718
joe johnson,2001,joe johnson,https://www.sports-reference.com/cbb/players/joe-johnson-1.html,slug_search,100.0,Arkansas,SEC,2000-01,30.0,27.0,29.1,14.2,6.4,2.6,1.4,0.4,2.3,0.468,0.476,0.443,0.747
joseph forte,2001,joseph forte,https://www.sports-reference.com/cbb/players/joseph-forte-1.html,slug_search,100.0,UNC,ACC,2000-01,33.0,32.0,34.7,20.9,6.1,3.5,2.0,0.4,2.5,0.45,0.476,0.377,0.853
ken johnson,2001,ken johnson,https://www.sports-reference.com/cbb/players/ken-johnson-2.html,slug_search,100.0,Ohio St.,Big Ten,2000-01,31.0,31.0,29.5,12.5,7.3,0.8,0.4,4.0,2.4,0.578,0.578,,0.711
kenny satterfield,2001,kenny satterfield,https://www.sports-reference.com/cbb/players/kenny-satterfield-1.html,slug_search,100.0,Cincinnati,CUSA,2000-01,35.0,34.0,34.4,14.4,4.7,5.1,1.7,0.2,3.2,0.387,0.415,0.333,0.788
kirk haston,2001,kirk haston,https://www.sports-reference.com/cbb/players/kirk-haston-1.html,slug_search,100.0,Indiana,Big Ten,2000-01,33.0,28.0,30.8,19.0,8.7,1.2,1.1,1.2,2.4,0.44,0.449,0.377,0.687
kyle hill,2001,kyle hill,https://www.sports-reference.com/cbb/players/kyle-hill-1.html,slug_search,100.0,Eastern Ill.,OVC,2000-01,31.0,31.0,33.6,23.8,4.9,4.0,1.5,0.7,2.9,0.473,0.497,0.432,0.839
loren woods,2001,loren woods,https://www.sports-reference.com/cbb/players/loren-woods-1.html,slug_search,100.0,Arizona,Pac-10,2000-01,29.0,28.0,30.3,13.2,6.5,2.1,0.7,2.9,2.0,0.504,0.506,0.333,0.83
maurice jeffers,2001,maurice jeffers,https://www.sports-reference.com/cbb/players/maurice-jeffers-1.html,slug_search,100.0,Saint Louis,CUSA,2000-01,31.0,31.0,32.6,16.0,6.1,2.5,0.9,0.5,2.2,0.449,0.451,0.438,0.777
michael bradley,2001,michael bradley,https://www.sports-reference.com/cbb/players/michael-bradley-1.html,slug_search,100.0,Villanova,Big East,2000-01,31.0,31.0,34.0,20.8,9.8,2.6,0.9,1.8,2.8,0.692,0.727,0.353,0.59
michael wright,2001,michael wright,https://www.sports-reference.com/cbb/players/michael-wright-1.html,slug_search,100.0,Arizona,Pac-10,2000-01,36.0,36.0,27.9,15.6,7.8,0.3,0.6,0.3,1.8,0.594,0.599,0.0,0.797
omar cook,2001,omar cook,https://www.sports-reference.com/cbb/players/omar-cook-1.html,slug_search,100.0,St. John's (NY),Big East,2000-01,29.0,29.0,38.2,15.3,3.0,8.7,2.3,0.2,5.1,0.36,0.424,0.309,0.742
richard jefferson,2001,richard jefferson,https://www.sports-reference.com/cbb/players/richard-jefferson-1.html,slug_search,100.0,Arizona,Pac-10,2000-01,35.0,34.0,27.5,11.3,5.4,2.7,0.8,0.8,3.0,0.479,0.535,0.344,0.655
rodney white,2001,rodney white,https://www.sports-reference.com/cbb/players/rodney-white-1.html,slug_search,100.0,Charlotte,CUSA,2000-01,28.0,26.0,30.9,18.7,6.5,1.5,1.2,0.7,2.9,0.487,0.533,0.347,0.713
ruben boumtje boumtje,2001,ruben boumtje boumtje,https://www.sports-reference.com/cbb/players/ruben-boumtje-boumtje-1.html,slug_search,100.0,Georgetown,Big East,2000-01,33.0,33.0,21.6,9.1,6.8,0.9,0.7,2.4,2.2,0.517,0.517,,0.718
samuel dalembert,2001,samuel dalembert,https://www.sports-reference.com/cbb/players/samuel-dalembert-1.html,slug_search,100.0,Seton Hall,Big East,2000-01,29.0,27.0,21.4,8.3,5.7,0.3,0.5,2.1,1.9,0.565,0.565,,0.556
sean lampley,2001,sean lampley,https://www.sports-reference.com/cbb/players/sean-lampley-1.html,slug_search,100.0,Cal,Pac-10,2000-01,31.0,31.0,34.6,19.5,7.2,3.3,0.9,0.5,3.6,0.502,0.527,0.212,0.738
shane battier,2001,shane battier,https://www.sports-reference.com/cbb/players/shane-battier-1.html,slug_search,100.0,Duke,ACC,2000-01,39.0,39.0,34.9,19.9,7.3,1.8,2.1,2.3,1.5,0.471,0.536,0.419,0.796
steven hunter,2001,steven hunter,https://www.sports-reference.com/cbb/players/steven-hunter-1.html,slug_search,100.0,DePaul,CUSA,2000-01,30.0,27.0,26.9,11.4,5.6,0.5,0.2,2.4,1.5,0.592,0.592,,0.536
terence morris,2001,terence morris,https://www.sports-reference.com/cbb/players/terence-morris-1.html,slug_search,100.0,Maryland,ACC,2000-01,36.0,36.0,27.6,12.2,7.7,1.9,0.9,2.2,1.8,0.432,0.478,0.289,0.795
trenton hassell,2001,trenton hassell,https://www.sports-reference.com/cbb/players/trenton-hassell-1.html,slug_search,100.0,Austin Peay,OVC,2000-01,32.0,32.0,37.9,21.7,7.8,4.5,1.2,0.5,3.8,0.485,0.52,0.39,0.796
troy murphy,2001,troy murphy,https://www.sports-reference.com/cbb/players/troy-murphy-1.html,slug_search,100.0,Notre Dame,Big East,2000-01,30.0,29.0,36.3,21.8,9.2,2.1,0.9,1.7,3.0,0.471,0.499,0.349,0.766
will solomon,2001,will solomon,https://www.sports-reference.com/cbb/players/will-solomon-1.html,slug_search,100.0,Clemson,ACC,2000-01,30.0,28.0,33.3,19.7,2.9,3.4,1.4,0.3,4.1,0.397,0.421,0.377,0.788
zach randolph,2001,zach randolph,https://www.sports-reference.com/cbb/players/zach-randolph-1.html,slug_search,100.0,Michigan St.,Big Ten,2000-01,33.0,8.0,19.8,10.8,6.7,1.0,0.7,0.7,1.6,0.587,0.59,0.0,0.635
carlos boozer,2002,carlos boozer,https://www.sports-reference.com/cbb/players/carlos-boozer-1.html,slug_search,100.0,Duke,ACC,2001-02,35.0,35.0,28.4,18.2,8.7,1.1,0.9,0.6,1.9,0.665,0.667,0.0,0.754
caron butler,2002,caron butler,https://www.sports-reference.com/cbb/players/caron-butler-1.html,slug_search,100.0,UConn,Big East,2001-02,34.0,34.0,36.0,20.3,7.5,3.0,2.1,0.4,2.9,0.486,0.5,0.4,0.779
casey jacobsen,2002,casey jacobsen,https://www.sports-reference.com/cbb/players/casey-jacobsen-1.html,slug_search,100.0,Stanford,Pac-10,2001-02,30.0,30.0,35.3,21.9,4.5,3.5,0.6,0.1,2.4,0.441,0.481,0.372,0.776
chris jefferies,2002,chris jefferies,https://www.sports-reference.com/cbb/players/chris-jefferies-1.html,slug_search,100.0,Fresno St.,WAC,2001-02,21.0,21.0,34.6,17.3,6.3,3.0,1.2,1.2,2.4,0.418,0.474,0.347,0.634
chris owens,2002,chris owens,https://www.sports-reference.com/cbb/players/chris-owens-1.html,slug_search,100.0,Texas,Big 12,2001-02,11.0,11.0,27.2,15.8,7.4,0.8,0.7,1.9,1.7,0.5,0.518,0.3,0.627
chris wilcox,2002,chris wilcox,https://www.sports-reference.com/cbb/players/chris-wilcox-1.html,slug_search,100.0,Maryland,ACC,2001-02,36.0,26.0,24.1,12.0,7.1,1.5,0.8,1.5,1.5,0.504,0.507,0.0,0.585
corsley edwards,2002,corsley edwards,https://www.sports-reference.com/cbb/players/corsley-edwards-1.html,slug_search,100.0,Central Conn St,NEC,2001-02,32.0,32.0,31.0,15.4,8.7,1.0,1.4,1.5,2.2,0.504,0.504,,0.761
curtis borchardt,2002,curtis borchardt,https://www.sports-reference.com/cbb/players/curtis-borchardt-1.html,slug_search,100.0,Stanford,Pac-10,2001-02,29.0,29.0,30.9,16.9,11.4,2.0,0.6,2.9,2.0,0.576,0.593,0.407,0.67
dajuan wagner,2002,dajuan wagner,https://www.sports-reference.com/cbb/players/dajuan-wagner-1.html,slug_search,100.0,Memphis,CUSA,2001-02,36.0,35.0,31.8,21.2,2.5,3.6,1.2,0.6,2.9,0.41,0.453,0.317,0.722
dan dickau,2002,dan dickau,https://www.sports-reference.com/cbb/players/dan-dickau-1.html,slug_search,100.0,Gonzaga,WCC,2001-02,32.0,32.0,34.7,21.0,3.0,4.7,0.8,0.1,2.9,0.441,0.419,0.457,0.864
dan gadzuric,2002,dan gadzuric,https://www.sports-reference.com/cbb/players/dan-gadzuric-1.html,slug_search,100.0,UCLA,Pac-10,2001-02,33.0,33.0,26.2,11.7,7.7,0.7,0.5,1.3,1.6,0.554,0.556,0.0,0.472
darius songaila,2002,darius songaila,https://www.sports-reference.com/cbb/players/darius-songaila-1.html,slug_search,100.0,Wake Forest,ACC,2001-02,34.0,34.0,30.5,17.9,8.1,2.6,1.3,0.8,3.5,0.523,0.529,0.375,0.854
drew gooden,2002,drew gooden,https://www.sports-reference.com/cbb/players/drew-gooden-1.html,slug_search,100.0,Kansas,Big 12,2001-02,37.0,36.0,30.2,19.8,11.4,2.0,1.8,1.4,2.9,0.504,0.519,0.278,0.755
frank williams,2002,frank williams,https://www.sports-reference.com/cbb/players/frank-williams-1.html,slug_search,100.0,Illinois,Big Ten,2001-02,35.0,34.0,32.4,16.2,4.7,4.4,2.0,0.3,2.7,0.393,0.423,0.34,0.808
fred jones,2002,fred jones,https://www.sports-reference.com/cbb/players/fred-jones-1.html,slug_search,100.0,Oregon,Pac-10,2001-02,35.0,33.0,31.5,18.6,5.4,3.2,1.8,0.5,2.3,0.521,0.594,0.372,0.871
jamal sampson,2002,jamal sampson,https://www.sports-reference.com/cbb/players/jamal-sampson-1.html,slug_search,100.0,Cal,Pac-10,2001-02,32.0,31.0,24.9,6.4,6.5,1.2,0.5,1.7,1.7,0.426,0.426,,0.526
jared jeffries,2002,jared jeffries,https://www.sports-reference.com/cbb/players/jared-jeffries-1.html,slug_search,100.0,Indiana,Big Ten,2001-02,36.0,36.0,32.6,15.0,7.6,2.1,1.5,1.3,2.8,0.457,0.472,0.38,0.667
jason jennings,2002,jason jennings,https://www.sports-reference.com/cbb/players/jason-jennings-1.html,slug_search,100.0,Arkansas St.,Sun Belt,2001-02,30.0,30.0,28.1,14.6,6.6,0.9,0.3,3.4,1.9,0.567,0.567,,0.79
jay williams,2002,jay williams,https://www.sports-reference.com/cbb/players/jay-williams-1.html,slug_search,100.0,Duke,ACC,2001-02,35.0,35.0,33.6,21.3,3.5,5.3,2.2,0.1,3.7,0.457,0.536,0.383,0.676
john salmons,2002,john salmons,https://www.sports-reference.com/cbb/players/john-salmons-1.html,slug_search,100.0,Miami (FL),Big East,2001-02,32.0,32.0,33.7,13.1,6.0,6.1,1.8,0.6,3.7,0.461,0.509,0.31,0.842
juan dixon,2002,juan dixon,https://www.sports-reference.com/cbb/players/juan-dixon-1.html,slug_search,100.0,Maryland,ACC,2001-02,36.0,36.0,33.6,20.4,4.6,2.9,2.6,0.2,2.5,0.469,0.525,0.397,0.898
kareem rush,2002,kareem rush,https://www.sports-reference.com/cbb/players/kareem-rush-1.html,slug_search,100.0,Missouri,Big 12,2001-02,36.0,35.0,31.9,19.8,5.2,2.5,1.1,0.6,2.9,0.426,0.444,0.405,0.769
lonny baxter,2002,lonny baxter,https://www.sports-reference.com/cbb/players/lonny-baxter-1.html,slug_search,100.0,Maryland,ACC,2001-02,35.0,35.0,28.7,15.2,8.2,0.8,0.9,2.0,2.2,0.545,0.547,0.0,0.623
marcus haislip,2002,marcus haislip,https://www.sports-reference.com/cbb/players/marcus-haislip-1.html,slug_search,100.0,Tennessee,SEC,2001-02,25.0,24.0,33.6,16.7,6.7,1.0,0.4,1.8,2.0,0.518,0.551,0.326,0.721
marcus taylor,2002,marcus taylor,https://www.sports-reference.com/cbb/players/marcus-taylor-1.html,slug_search,100.0,Michigan St.,Big Ten,2001-02,29.0,29.0,34.4,16.8,2.9,5.3,1.1,0.1,3.1,0.4,0.426,0.361,0.813
matt barnes,2002,matt barnes,https://www.sports-reference.com/cbb/players/matt-barnes-1.html,slug_search,100.0,UCLA,Pac-10,2001-02,31.0,31.0,30.7,13.5,6.2,3.5,1.1,0.3,2.8,0.471,0.495,0.417,0.619
melvin ely,2002,melvin ely,https://www.sports-reference.com/cbb/players/melvin-ely-1.html,slug_search,100.0,Fresno St.,WAC,2001-02,28.0,28.0,35.7,23.3,9.1,1.8,0.7,3.1,2.6,0.563,0.564,0.0,0.735
mike dunleavy,2002,mike dunleavy,https://www.sports-reference.com/cbb/players/mike-dunleavy-2.html,slug_search,100.0,Duke,ACC,2001-02,35.0,35.0,32.4,17.3,7.2,2.1,2.3,0.7,1.7,0.483,0.596,0.378,0.681
randy holcomb,2002,randy holcomb,https://www.sports-reference.com/cbb/players/randy-holcomb-1.html,slug_search,100.0,San Diego St.,MWC,2001-02,33.0,32.0,32.3,16.9,9.0,1.7,0.7,1.0,3.5,0.516,0.539,0.3,0.635
rasual butler,2002,rasual butler,https://www.sports-reference.com/cbb/players/rasual-butler-1.html,slug_search,100.0,La Salle,A-10,2001-02,32.0,31.0,39.1,20.9,8.8,1.4,1.3,1.3,2.6,0.434,0.464,0.361,0.855
robert archibald,2002,robert archibald,https://www.sports-reference.com/cbb/players/robert-archibald-1.html,slug_search,100.0,Illinois,Big Ten,2001-02,34.0,31.0,22.6,10.6,5.5,1.3,0.7,1.1,2.0,0.659,0.663,0.0,0.654
rod grizzard,2002,rod grizzard,https://www.sports-reference.com/cbb/players/rod-grizzard-1.html,slug_search,100.0,Alabama,SEC,2001-02,35.0,34.0,30.8,14.1,6.1,1.8,1.1,0.7,2.3,0.423,0.508,0.278,0.772
roger mason,2002,roger mason,https://www.sports-reference.com/cbb/players/roger-mason-1.html,slug_search,100.0,Virginia,ACC,2001-02,29.0,29.0,36.1,18.6,3.2,4.1,0.9,0.4,3.0,0.409,0.463,0.367,0.881
ryan humphrey,2002,ryan humphrey,https://www.sports-reference.com/cbb/players/ryan-humphrey-1.html,slug_search,100.0,Notre Dame,Big East,2001-02,31.0,31.0,35.6,18.9,10.9,2.6,1.1,2.8,2.5,0.489,0.489,0.5,0.598
sam clancy,2002,sam clancy,https://www.sports-reference.com/cbb/players/sam-clancy-1.html,slug_search,100.0,USC,Pac-10,2001-02,32.0,31.0,37.6,19.1,9.4,1.7,1.8,1.5,1.7,0.494,0.494,0.5,0.624
steve logan,2002,steve logan,https://www.sports-reference.com/cbb/players/steve-logan-1.html,slug_search,100.0,Cincinnati,CUSA,2001-02,35.0,35.0,34.1,22.0,3.1,5.3,0.9,0.0,2.5,0.457,0.519,0.374,0.873
tamar slay,2002,tamar slay,https://www.sports-reference.com/cbb/players/tamar-slay-1.html,slug_search,100.0,Marshall,MAC,2001-02,30.0,30.0,34.4,18.9,5.4,2.4,1.6,0.5,3.0,0.446,0.468,0.419,0.731
tayshaun prince,2002,tayshaun prince,https://www.sports-reference.com/cbb/players/tayshaun-prince-1.html,slug_search,100.0,Kentucky,SEC,2001-02,32.0,32.0,33.3,17.5,6.3,1.6,1.1,1.3,2.0,0.467,0.564,0.34,0.703
tito maddox,2002,tito maddox,https://www.sports-reference.com/cbb/players/tito-maddox-1.html,slug_search,100.0,Fresno St.,WAC,2000-01,25.0,24.0,32.3,13.5,5.8,8.0,1.6,0.2,5.2,0.391,0.427,0.286,0.703
vincent yarbrough,2002,vincent yarbrough,https://www.sports-reference.com/cbb/players/vincent-yarbrough-1.html,slug_search,100.0,Tennessee,SEC,2001-02,31.0,31.0,35.4,18.1,7.5,2.8,1.9,0.8,3.0,0.425,0.462,0.359,0.687
brandon hunter,2003,brandon hunter,https://www.sports-reference.com/cbb/players/brandon-hunter-1.html,slug_search,100.0,Ohio,MAC,2002-03,30.0,30.0,38.2,21.5,12.6,2.6,0.8,1.2,3.6,0.523,0.545,0.297,0.594
brian cook,2003,brian cook,https://www.sports-reference.com/cbb/players/brian-cook-1.html,slug_search,100.0,Illinois,Big Ten,2002-03,30.0,30.0,31.3,20.0,7.6,2.0,0.7,0.4,2.8,0.479,0.526,0.303,0.82
carmelo anthony,2003,carmelo anthony,https://www.sports-reference.com/cbb/players/carmelo-anthony-1.html,slug_search,100.0,Syracuse,Big East,2002-03,35.0,35.0,36.4,22.2,10.0,2.2,1.6,0.9,2.2,0.453,0.496,0.337,0.706
chris bosh,2003,chris bosh,https://www.sports-reference.com/cbb/players/chris-bosh-1.html,slug_search,100.0,Ga Tech,ACC,2002-03,31.0,31.0,31.0,15.6,9.0,1.2,1.0,2.2,2.3,0.56,0.575,0.478,0.73
chris kaman,2003,chris kaman,https://www.sports-reference.com/cbb/players/chris-kaman-1.html,slug_search,100.0,Central Mich.,MAC,2002-03,31.0,31.0,34.0,22.4,12.0,1.2,0.6,3.2,4.4,0.622,0.622,,0.749
dahntay jones,2003,dahntay jones,https://www.sports-reference.com/cbb/players/dahntay-jones-1.html,slug_search,100.0,Duke,ACC,2002-03,33.0,30.0,30.7,17.7,5.5,0.9,1.2,0.5,1.9,0.47,0.498,0.398,0.749
david west,2003,david west,https://www.sports-reference.com/cbb/players/david-west-1.html,slug_search,100.0,Xavier,A-10,2002-03,32.0,32.0,36.5,20.1,11.8,3.2,1.3,1.6,2.7,0.513,0.524,0.346,0.816
derrick zimmerman,2003,derrick zimmerman,https://www.sports-reference.com/cbb/players/derrick-zimmerman-1.html,slug_search,100.0,Miss. St.,SEC,2002-03,31.0,31.0,33.0,8.9,4.2,5.5,1.9,0.8,3.4,0.476,0.538,0.288,0.649
dwyane wade,2003,dwyane wade,https://www.sports-reference.com/cbb/players/dwyane-wade-1.html,slug_search,100.0,Marquette,CUSA,2002-03,33.0,33.0,32.1,21.5,6.3,4.4,2.2,1.3,3.2,0.501,0.519,0.318,0.779
james jones,2003,james jones,https://www.sports-reference.com/cbb/players/james-jones-1.html,slug_search,100.0,Miami (FL),Big East,2002-03,28.0,28.0,34.2,16.9,6.0,1.8,1.6,1.8,2.5,0.447,0.466,0.4,0.831
jarvis hayes,2003,jarvis hayes,https://www.sports-reference.com/cbb/players/jarvis-hayes-1.html,slug_search,100.0,Georgia,SEC,2002-03,27.0,27.0,32.3,18.3,4.4,2.0,1.1,0.4,1.4,0.503,0.544,0.425,0.784
jason kapono,2003,jason kapono,https://www.sports-reference.com/cbb/players/jason-kapono-1.html,slug_search,100.0,UCLA,Pac-10,2002-03,29.0,29.0,33.4,16.8,5.2,2.0,0.6,0.0,2.1,0.457,0.502,0.398,0.88
josh howard,2003,josh howard,https://www.sports-reference.com/cbb/players/josh-howard-1.html,slug_search,100.0,Wake Forest,ACC,2002-03,31.0,31.0,32.3,19.5,8.3,1.9,2.1,1.5,2.6,0.477,0.528,0.373,0.833
keith bogans,2003,keith bogans,https://www.sports-reference.com/cbb/players/keith-bogans-1.html,slug_search,100.0,Kentucky,SEC,2002-03,36.0,35.0,29.7,15.7,3.8,2.7,1.2,0.1,2.2,0.456,0.528,0.383,0.738
kirk hinrich,2003,kirk hinrich,https://www.sports-reference.com/cbb/players/kirk-hinrich-1.html,slug_search,100.0,Kansas,Big 12,2002-03,37.0,37.0,33.5,17.3,3.8,3.5,1.9,0.4,2.2,0.475,0.532,0.406,0.704
kyle korver,2003,kyle korver,https://www.sports-reference.com/cbb/players/kyle-korver-1.html,slug_search,100.0,Creighton,MVC,2002-03,34.0,34.0,31.8,17.8,6.4,3.1,1.5,0.7,2.0,0.468,0.443,0.48,0.908
luke ridnour,2003,luke ridnour,https://www.sports-reference.com/cbb/players/luke-ridnour-1.html,slug_search,100.0,Oregon,Pac-10,2002-03,33.0,33.0,35.4,19.7,3.4,6.6,1.9,0.1,3.9,0.432,0.473,0.382,0.88
luke walton,2003,luke walton,https://www.sports-reference.com/cbb/players/luke-walton-1.html,slug_search,100.0,Arizona,Pac-10,2002-03,28.0,28.0,27.6,10.8,5.6,5.1,0.9,0.3,2.8,0.42,0.434,0.384,0.678
marcus banks,2003,marcus banks,https://www.sports-reference.com/cbb/players/marcus-banks-1.html,slug_search,100.0,UNLV,MWC,2002-03,32.0,32.0,36.1,20.3,3.3,5.5,2.8,0.1,3.9,0.514,0.583,0.336,0.757
mario austin,2003,mario austin,https://www.sports-reference.com/cbb/players/mario-austin-1.html,slug_search,100.0,Miss. St.,SEC,2002-03,25.0,24.0,32.9,15.5,7.7,1.2,1.1,0.7,2.4,0.534,0.539,0.417,0.664
matt bonner,2003,matt bonner,https://www.sports-reference.com/cbb/players/matt-bonner-1.html,slug_search,100.0,Florida,SEC,2002-03,33.0,33.0,31.4,15.2,6.1,1.5,1.1,0.6,1.6,0.51,0.531,0.474,0.733
michael sweetney,2003,mike sweetney,https://www.sports-reference.com/cbb/players/mike-sweetney-1.html,slug_search,100.0,Georgetown,Big East,2002-03,34.0,34.0,32.4,22.8,10.4,1.9,1.5,3.2,2.1,0.547,0.55,0.0,0.738
mo williams,2003,mo williams,https://www.sports-reference.com/cbb/players/mo-williams-1.html,slug_search,100.0,Alabama,SEC,2002-03,29.0,29.0,35.8,16.4,3.9,3.9,1.2,0.2,3.0,0.431,0.539,0.317,0.838
nick collison,2003,nick collison,https://www.sports-reference.com/cbb/players/nick-collison-1.html,slug_search,100.0,Kansas,Big 12,2002-03,38.0,38.0,32.4,18.5,10.0,2.2,1.2,1.9,2.4,0.554,0.571,0.342,0.635
reece gaines,2003,reece gaines,https://www.sports-reference.com/cbb/players/reece-gaines-1.html,slug_search,100.0,Louisville,CUSA,2002-03,32.0,32.0,32.2,17.9,2.9,5.0,1.7,0.1,3.0,0.462,0.534,0.391,0.736
rick rickert,2003,rick rickert,https://www.sports-reference.com/cbb/players/rick-rickert-1.html,slug_search,100.0,Minnesota,Big Ten,2002-03,32.0,31.0,30.8,15.6,6.2,1.2,0.8,0.8,2.1,0.442,0.477,0.353,0.682
steve blake,2003,steve blake,https://www.sports-reference.com/cbb/players/steve-blake-1.html,slug_search,100.0,Maryland,ACC,2002-03,31.0,31.0,32.5,11.6,3.7,7.1,1.6,0.2,3.2,0.415,0.413,0.416,0.819
t j ford,2003,t j ford,https://www.sports-reference.com/cbb/players/tj-ford-1.html,slug_search,100.0,Texas,Big 12,2002-03,33.0,33.0,33.6,15.0,3.9,7.7,2.0,0.2,3.2,0.401,0.429,0.265,0.82
tommy smith,2003,tommy smith,https://www.sports-reference.com/cbb/players/tommy-smith-1.html,slug_search,100.0,Arizona St.,Pac-10,2002-03,32.0,32.0,29.1,11.2,6.2,2.7,0.9,2.2,3.0,0.493,0.507,0.278,0.574
travis hansen,2003,travis hansen,https://www.sports-reference.com/cbb/players/travis-hansen-1.html,slug_search,100.0,BYU,MWC,2002-03,32.0,32.0,32.0,16.8,4.8,2.4,0.9,0.6,2.6,0.441,0.48,0.34,0.799
troy bell,2003,troy bell,https://www.sports-reference.com/cbb/players/troy-bell-1.html,slug_search,100.0,Boston College,Big East,2002-03,31.0,31.0,38.6,25.2,4.6,3.7,2.3,0.2,2.5,0.441,0.484,0.402,0.847
willie green,2003,willie green,https://www.sports-reference.com/cbb/players/willie-green-1.html,slug_search,100.0,Detroit Mercy,Horizon,2002-03,30.0,30.0,34.0,22.6,4.9,2.5,1.3,0.4,2.3,0.49,0.519,0.374,0.805
andre emmett,2004,andre emmett,https://www.sports-reference.com/cbb/players/andre-emmett-1.html,slug_search,100.0,Texas Tech,Big 12,2003-04,34.0,33.0,37.0,20.6,6.6,1.8,1.3,0.3,2.1,0.526,0.543,0.356,0.73
andre iguodala,2004,andre iguodala,https://www.sports-reference.com/cbb/players/andre-iguodala-1.html,slug_search,100.0,Arizona,Pac-10,2003-04,30.0,30.0,32.1,12.9,8.4,4.9,1.6,0.4,2.8,0.45,0.493,0.315,0.788
antonio burks,2004,antonio burks,https://www.sports-reference.com/cbb/players/antonio-burks-1.html,slug_search,100.0,Memphis,CUSA,2003-04,30.0,30.0,34.3,16.0,3.2,5.5,2.4,0.2,2.5,0.474,0.511,0.413,0.632
ben gordon,2004,ben gordon,https://www.sports-reference.com/cbb/players/ben-gordon-1.html,slug_search,100.0,UConn,Big East,2003-04,39.0,39.0,34.5,18.5,4.7,4.5,1.4,0.2,2.8,0.434,0.434,0.433,0.829
bernard robinson,2004,bernard robinson,https://www.sports-reference.com/cbb/players/bernard-robinson-1.html,slug_search,100.0,Michigan,Big Ten,2003-04,34.0,33.0,32.2,12.1,5.7,3.8,1.9,0.3,2.7,0.432,0.477,0.25,0.77
blake stepp,2004,blake stepp,https://www.sports-reference.com/cbb/players/blake-stepp-1.html,slug_search,100.0,Gonzaga,WCC,2003-04,31.0,31.0,34.4,14.6,4.6,6.7,1.2,0.1,3.0,0.431,0.525,0.376,0.83
chris duhon,2004,chris duhon,https://www.sports-reference.com/cbb/players/chris-duhon-1.html,slug_search,100.0,Duke,ACC,2003-04,37.0,37.0,35.4,10.0,4.1,6.1,2.2,0.2,2.8,0.448,0.514,0.302,0.722
david harrison,2004,david harrison,https://www.sports-reference.com/cbb/players/david-harrison-1.html,slug_search,100.0,Colorado,Big 12,2003-04,29.0,28.0,31.6,17.1,8.8,0.9,0.6,2.9,2.7,0.631,0.633,0.0,0.539
delonte west,2004,delonte west,https://www.sports-reference.com/cbb/players/delonte-west-1.html,slug_search,100.0,Saint Joseph's,A-10,2003-04,32.0,32.0,33.5,18.9,5.4,4.7,1.7,0.2,2.6,0.51,0.557,0.412,0.892
devin harris,2004,devin harris,https://www.sports-reference.com/cbb/players/devin-harris-1.html,slug_search,100.0,Wisconsin,Big Ten,2003-04,32.0,32.0,36.3,19.5,4.3,4.4,1.8,0.1,2.1,0.459,0.54,0.373,0.792
emeka okafor,2004,emeka okafor,https://www.sports-reference.com/cbb/players/emeka-okafor-1.html,slug_search,100.0,UConn,Big East,2003-04,36.0,36.0,32.4,17.6,11.5,1.0,1.0,4.1,2.3,0.599,0.599,,0.518
jackson vroman,2004,jackson vroman,https://www.sports-reference.com/cbb/players/jackson-vroman-1.html,slug_search,100.0,Iowa St.,Big 12,2003-04,32.0,31.0,30.7,13.9,9.6,2.3,1.4,0.7,3.2,0.564,0.573,0.143,0.507
jameer nelson,2004,jameer nelson,https://www.sports-reference.com/cbb/players/jameer-nelson-1.html,slug_search,100.0,Saint Joseph's,A-10,2003-04,32.0,32.0,33.9,20.6,4.7,5.3,2.8,0.0,2.8,0.475,0.526,0.39,0.792
josh childress,2004,josh childress,https://www.sports-reference.com/cbb/players/josh-childress-1.html,slug_search,100.0,Stanford,Pac-10,2003-04,23.0,18.0,29.8,15.7,7.5,2.7,0.9,1.6,2.2,0.488,0.536,0.395,0.821
justin reed,2004,justin reed,https://www.sports-reference.com/cbb/players/justin-reed-1.html,slug_search,100.0,Ole Miss,SEC,2003-04,28.0,27.0,33.5,18.5,7.5,1.5,0.7,0.8,3.0,0.464,0.501,0.237,0.731
kevin martin,2004,kevin martin,https://www.sports-reference.com/cbb/players/kevin-martin-1.html,slug_search,100.0,Western Caro.,Southern,2003-04,27.0,27.0,31.2,24.9,4.8,1.7,1.9,0.3,3.1,0.474,0.547,0.336,0.817
kirk snyder,2004,kirk snyder,https://www.sports-reference.com/cbb/players/kirk-snyder-1.html,slug_search,100.0,Nevada,WAC,2003-04,34.0,33.0,31.7,18.8,5.7,3.4,1.0,0.6,3.5,0.431,0.47,0.348,0.731
kris humphries,2004,kris humphries,https://www.sports-reference.com/cbb/players/kris-humphries-1.html,slug_search,100.0,Minnesota,Big Ten,2003-04,29.0,28.0,34.1,21.7,10.1,0.7,0.9,1.1,2.8,0.444,0.455,0.34,0.742
lionel chalmers,2004,lionel chalmers,https://www.sports-reference.com/cbb/players/lionel-chalmers-1.html,slug_search,100.0,Xavier,A-10,2003-04,37.0,37.0,34.9,16.6,3.3,3.2,1.1,0.0,2.8,0.449,0.498,0.409,0.709
luis flores,2004,luis flores,https://www.sports-reference.com/cbb/players/luis-flores-1.html,slug_search,100.0,Manhattan,MAAC,2003-04,31.0,31.0,36.2,24.0,3.9,1.6,1.9,0.1,2.4,0.442,0.478,0.374,0.863
luke jackson,2004,luke jackson,https://www.sports-reference.com/cbb/players/luke-jackson-1.html,slug_search,100.0,Oregon,Pac-10,2003-04,31.0,31.0,34.6,21.2,7.2,4.5,1.3,0.2,3.0,0.488,0.519,0.44,0.862
luol deng,2004,luol deng,https://www.sports-reference.com/cbb/players/luol-deng-1.html,slug_search,100.0,Duke,ACC,2003-04,37.0,32.0,31.1,15.1,6.9,1.8,1.3,1.1,2.2,0.476,0.515,0.36,0.71
marcus douthit,2004,marcus douthit,https://www.sports-reference.com/cbb/players/marcus-douthit-1.html,slug_search,100.0,Providence,Big East,2003-04,29.0,29.0,29.7,7.8,5.9,2.2,1.6,3.2,2.6,0.446,0.446,,0.768
matt freije,2004,matt freije,https://www.sports-reference.com/cbb/players/matt-freije-1.html,slug_search,100.0,Vanderbilt,SEC,2003-04,33.0,33.0,29.8,18.4,5.4,0.9,0.7,0.6,1.0,0.415,0.452,0.356,0.788
pape sow,2004,pape sow,https://www.sports-reference.com/cbb/players/pape-sow-1.html,slug_search,100.0,Cal St Fullerton,Big West,2003-04,28.0,28.0,32.2,17.3,9.7,0.9,1.6,0.6,3.0,0.494,0.507,0.333,0.675
rafael araujo,2004,rafael araujo,https://www.sports-reference.com/cbb/players/rafael-araujo-1.html,slug_search,100.0,BYU,MWC,2003-04,30.0,30.0,29.8,18.4,10.1,1.2,1.4,0.8,2.9,0.573,0.601,0.267,0.722
rashad wright,2004,rashad wright,https://www.sports-reference.com/cbb/players/rashad-wright-1.html,slug_search,100.0,Georgia,SEC,2003-04,29.0,29.0,37.1,14.4,2.9,3.0,1.8,0.4,2.2,0.424,0.456,0.396,0.683
rickey paulding,2004,rickey paulding,https://www.sports-reference.com/cbb/players/rickey-paulding-1.html,slug_search,100.0,Missouri,Big 12,2003-04,30.0,30.0,35.0,15.1,4.3,2.8,1.0,0.4,2.6,0.397,0.439,0.342,0.787
ricky minard,2004,ricky minard,https://www.sports-reference.com/cbb/players/ricky-minard-1.html,slug_search,100.0,Morehead St.,OVC,2003-04,29.0,28.0,34.3,21.8,7.3,5.1,2.1,0.5,3.7,0.451,0.503,0.326,0.776
romain sato,2004,romain sato,https://www.sports-reference.com/cbb/players/romain-sato-1.html,slug_search,100.0,Xavier,A-10,2003-04,37.0,37.0,36.9,16.3,8.0,2.3,1.3,0.1,1.7,0.404,0.456,0.349,0.829
royal ivey,2004,royal ivey,https://www.sports-reference.com/cbb/players/royal-ivey-1.html,slug_search,100.0,Texas,Big 12,2003-04,33.0,33.0,29.7,9.4,4.0,4.3,1.2,0.2,1.5,0.448,0.456,0.387,0.626
tim pickett,2004,tim pickett,https://www.sports-reference.com/cbb/players/tim-pickett-1.html,slug_search,100.0,Florida St.,ACC,2003-04,33.0,33.0,29.8,16.5,4.5,2.1,2.5,0.4,2.4,0.434,0.481,0.407,0.759
tony allen,2004,tony allen,https://www.sports-reference.com/cbb/players/tony-allen-1.html,slug_search,100.0,Oklahoma St.,Big 12,2003-04,35.0,34.0,31.6,16.0,5.5,3.1,2.1,0.9,2.8,0.504,0.55,0.297,0.675
trevor ariza,2004,trevor ariza,https://www.sports-reference.com/cbb/players/trevor-ariza-1.html,slug_search,100.0,UCLA,Pac-10,2003-04,25.0,23.0,31.6,11.6,6.5,2.1,1.7,0.4,3.2,0.426,0.509,0.237,0.504
alex acker,2005,alex acker,https://www.sports-reference.com/cbb/players/alex-acker-1.html,slug_search,100.0,Pepperdine,WCC,2004-05,31.0,31.0,37.2,16.6,6.5,3.7,1.3,0.5,2.6,0.45,0.459,0.431,0.858
andrew bogut,2005,andrew bogut,https://www.sports-reference.com/cbb/players/andrew-bogut-1.html,slug_search,100.0,Utah,MWC,2004-05,35.0,35.0,35.0,20.4,12.2,2.3,1.0,1.9,2.7,0.62,0.636,0.36,0.692
antoine wright,2005,antoine wright,https://www.sports-reference.com/cbb/players/antoine-wright-1.html,slug_search,100.0,Texas A&M,Big 12,2004-05,31.0,30.0,33.9,17.8,6.0,2.2,1.2,0.7,2.4,0.501,0.54,0.447,0.691
bracey wright,2005,bracey wright,https://www.sports-reference.com/cbb/players/bracey-wright-1.html,slug_search,100.0,Indiana,Big Ten,2004-05,26.0,26.0,35.3,18.3,4.8,2.7,1.1,0.6,2.6,0.413,0.474,0.329,0.783
brandon bass,2005,brandon bass,https://www.sports-reference.com/cbb/players/brandon-bass-1.html,slug_search,100.0,LSU,SEC,2004-05,30.0,29.0,33.6,17.3,9.1,0.8,0.8,1.6,1.8,0.567,0.577,0.462,0.777
channing frye,2005,channing frye,https://www.sports-reference.com/cbb/players/channing-frye-1.html,slug_search,100.0,Arizona,Pac-10,2004-05,37.0,37.0,31.0,15.8,7.6,1.9,0.9,2.3,1.7,0.554,0.57,0.176,0.83
charlie villanueva,2005,charlie villanueva,https://www.sports-reference.com/cbb/players/charlie-villanueva-1.html,slug_search,100.0,UConn,Big East,2004-05,31.0,31.0,25.7,13.6,8.3,1.3,0.6,1.8,2.3,0.521,0.522,0.5,0.688
chris paul,2005,chris paul,https://www.sports-reference.com/cbb/players/chris-paul-1.html,slug_search,100.0,Wake Forest,ACC,2004-05,32.0,31.0,33.4,15.3,4.5,6.6,2.4,0.0,2.8,0.451,0.441,0.474,0.834
chris taft,2005,chris taft,https://www.sports-reference.com/cbb/players/chris-taft-1.html,slug_search,100.0,Pitt,Big East,2004-05,29.0,29.0,26.5,13.3,7.5,0.8,0.4,1.7,1.6,0.58,0.58,,0.586
daniel ewing,2005,daniel ewing,https://www.sports-reference.com/cbb/players/daniel-ewing-1.html,slug_search,100.0,Duke,ACC,2004-05,33.0,32.0,34.5,15.3,3.2,4.0,2.0,0.4,3.0,0.427,0.498,0.347,0.692
danny granger,2005,danny granger,https://www.sports-reference.com/cbb/players/danny-granger-1.html,slug_search,100.0,New Mexico,MWC,2004-05,30.0,30.0,30.0,18.8,8.9,2.4,2.1,2.0,2.4,0.524,0.563,0.433,0.755
david lee,2005,david lee,https://www.sports-reference.com/cbb/players/david-lee-1.html,slug_search,100.0,Florida,SEC,2004-05,32.0,30.0,28.0,13.6,9.0,2.2,1.1,0.8,2.7,0.525,0.532,0.0,0.714
deron williams,2005,deron williams,https://www.sports-reference.com/cbb/players/deron-williams-1.html,slug_search,100.0,Illinois,Big Ten,2004-05,39.0,39.0,33.7,12.5,3.6,6.8,1.0,0.2,2.8,0.433,0.491,0.364,0.677
dijon thompson,2005,dijon thompson,https://www.sports-reference.com/cbb/players/dijon-thompson-1.html,slug_search,100.0,UCLA,Pac-10,2004-05,28.0,27.0,34.6,18.4,7.9,2.3,1.5,0.3,3.3,0.474,0.517,0.374,0.787
francisco garcia,2005,francisco garcia,https://www.sports-reference.com/cbb/players/francisco-garcia-1.html,slug_search,100.0,Louisville,CUSA,2004-05,38.0,38.0,31.9,15.7,4.2,3.9,1.7,1.5,2.7,0.437,0.496,0.366,0.877
hakim warrick,2005,hakim warrick,https://www.sports-reference.com/cbb/players/hakim-warrick-1.html,slug_search,100.0,Syracuse,Big East,2004-05,34.0,34.0,37.5,21.4,8.6,1.5,1.0,0.8,2.5,0.548,0.566,0.29,0.681
ike diogu,2005,ike diogu,https://www.sports-reference.com/cbb/players/ike-diogu-1.html,slug_search,100.0,Arizona St.,Pac-10,2004-05,32.0,32.0,36.4,22.6,9.8,1.3,0.6,2.3,3.6,0.575,0.598,0.4,0.797
jarrett jack,2005,jarrett jack,https://www.sports-reference.com/cbb/players/jarrett-jack-1.html,slug_search,100.0,Ga Tech,ACC,2004-05,32.0,31.0,34.1,15.5,4.8,4.5,1.8,0.1,3.4,0.514,0.549,0.442,0.866
jason maxiell,2005,jason maxiell,https://www.sports-reference.com/cbb/players/jason-maxiell-1.html,slug_search,100.0,Cincinnati,CUSA,2004-05,33.0,33.0,31.4,15.3,7.7,0.8,1.0,2.7,1.9,0.543,0.545,0.4,0.645
joey graham,2005,joey graham,https://www.sports-reference.com/cbb/players/joey-graham-1.html,slug_search,100.0,Oklahoma St.,Big 12,2004-05,33.0,33.0,30.6,17.7,6.2,2.0,0.9,0.2,2.7,0.529,0.538,0.473,0.887
julius hodge,2005,julius hodge,https://www.sports-reference.com/cbb/players/julius-hodge-1.html,slug_search,100.0,NC State,ACC,2004-05,34.0,32.0,34.6,17.0,6.6,4.8,1.4,0.7,2.6,0.493,0.53,0.255,0.668
lawrence roberts,2005,lawrence roberts,https://www.sports-reference.com/cbb/players/lawrence-roberts-1.html,slug_search,100.0,Miss. St.,SEC,2004-05,32.0,32.0,32.0,16.9,11.0,1.9,1.6,0.8,2.7,0.448,0.466,0.293,0.653
linas kleiza,2005,linas kleiza,https://www.sports-reference.com/cbb/players/linas-kleiza-1.html,slug_search,100.0,Missouri,Big 12,2004-05,33.0,28.0,31.5,16.1,7.6,1.6,0.6,0.3,2.7,0.403,0.453,0.274,0.732
luther head,2005,luther head,https://www.sports-reference.com/cbb/players/luther-head-1.html,slug_search,100.0,Illinois,Big Ten,2004-05,39.0,39.0,33.3,15.9,4.0,3.8,1.7,0.2,1.8,0.463,0.547,0.41,0.788
marvin williams,2005,marvin williams,https://www.sports-reference.com/cbb/players/marvin-williams-1.html,slug_search,100.0,UNC,ACC,2004-05,36.0,0.0,22.2,11.3,6.6,0.7,1.1,0.5,1.6,0.506,0.522,0.432,0.847
nate robinson,2005,nate robinson,https://www.sports-reference.com/cbb/players/nate-robinson-1.html,slug_search,100.0,Washington,Pac-10,2004-05,35.0,35.0,31.5,16.4,3.9,4.3,1.7,0.2,2.0,0.463,0.514,0.385,0.782
orien greene,2005,orien greene,https://www.sports-reference.com/cbb/players/orien-greene-1.html,slug_search,100.0,Louisiana,Sun Belt,2004-05,24.0,23.0,33.0,11.7,4.7,4.1,2.8,0.3,3.5,0.388,0.443,0.321,0.756
rashad mccants,2005,rashad mccants,https://www.sports-reference.com/cbb/players/rashad-mccants-1.html,slug_search,100.0,UNC,ACC,2004-05,33.0,30.0,25.9,16.0,3.0,2.7,1.3,0.7,1.9,0.489,0.544,0.423,0.722
raymond felton,2005,raymond felton,https://www.sports-reference.com/cbb/players/raymond-felton-1.html,slug_search,100.0,UNC,ACC,2004-05,36.0,35.0,31.7,12.9,4.3,6.9,2.0,0.3,3.6,0.455,0.468,0.44,0.701
robert whaley,2005,robert whaley,https://www.sports-reference.com/cbb/players/robert-whaley-1.html,slug_search,100.0,Cincinnati,CUSA,2003-04,22.0,3.0,13.0,5.8,2.5,0.6,0.3,0.4,1.1,0.348,0.35,0.0,0.66
ronny turiaf,2005,ronny turiaf,https://www.sports-reference.com/cbb/players/ronny-turiaf-1.html,slug_search,100.0,Gonzaga,WCC,2004-05,31.0,31.0,31.2,15.9,9.5,1.5,0.4,1.9,2.3,0.508,0.513,0.286,0.683
ryan gomes,2005,ryan gomes,https://www.sports-reference.com/cbb/players/ryan-gomes-1.html,slug_search,100.0,Providence,Big East,2004-05,31.0,31.0,37.5,21.6,8.2,3.2,1.5,0.2,2.5,0.496,0.54,0.38,0.77
salim stoudamire,2005,salim stoudamire,https://www.sports-reference.com/cbb/players/salim-stoudamire-1.html,slug_search,100.0,Arizona,Pac-10,2004-05,36.0,33.0,31.3,18.4,2.3,2.2,0.8,0.1,2.4,0.504,0.503,0.504,0.91
sean may,2005,sean may,https://www.sports-reference.com/cbb/players/sean-may-1.html,slug_search,100.0,UNC,ACC,2004-05,37.0,36.0,26.8,17.5,10.7,1.7,1.2,1.0,2.5,0.567,0.571,0.0,0.758
travis diener,2005,travis diener,https://www.sports-reference.com/cbb/players/travis-diener-1.html,slug_search,100.0,Marquette,CUSA,2004-05,23.0,22.0,34.0,19.7,3.9,7.0,1.3,0.0,2.5,0.42,0.438,0.405,0.838
von wafer,2005,von wafer,https://www.sports-reference.com/cbb/players/von-wafer-1.html,slug_search,100.0,Florida St.,ACC,2004-05,29.0,22.0,26.1,12.5,2.5,1.7,1.0,0.3,1.7,0.437,0.492,0.396,0.721
wayne simien,2005,wayne simien,https://www.sports-reference.com/cbb/players/wayne-simien-1.html,slug_search,100.0,Kansas,Big 12,2004-05,26.0,26.0,34.3,20.3,11.0,1.4,0.6,0.6,2.3,0.552,0.563,0.286,0.816
adam morrison,2006,adam morrison,https://www.sports-reference.com/cbb/players/adam-morrison-1.html,slug_search,100.0,Gonzaga,WCC,2005-06,33.0,32.0,36.5,28.1,5.5,1.7,1.1,0.3,2.3,0.496,0.523,0.428,0.772
alexander johnson,2006,alexander johnson,https://www.sports-reference.com/cbb/players/alexander-johnson-1.html,slug_search,100.0,Florida St.,ACC,2005-06,29.0,28.0,24.9,13.2,7.4,0.7,1.1,1.0,2.8,0.54,0.573,0.31,0.706
bobby jones,2006,bobby jones,https://www.sports-reference.com/cbb/players/bobby-jones-2.html,slug_search,100.0,Washington,Pac-10,2005-06,33.0,33.0,26.5,10.4,4.9,1.3,1.2,0.5,2.0,0.473,0.556,0.33,0.746
brandon roy,2006,brandon roy,https://www.sports-reference.com/cbb/players/brandon-roy-1.html,slug_search,100.0,Washington,Pac-10,2005-06,33.0,33.0,31.7,20.2,5.6,4.1,1.4,0.8,2.3,0.508,0.537,0.402,0.81
cedric simmons,2006,cedric simmons,https://www.sports-reference.com/cbb/players/cedric-simmons-1.html,slug_search,100.0,NC State,ACC,2005-06,32.0,31.0,27.5,11.8,6.3,1.7,0.7,2.5,1.8,0.587,0.583,1.0,0.678
craig smith,2006,craig smith,https://www.sports-reference.com/cbb/players/craig-smith-1.html,slug_search,100.0,Boston College,ACC,2005-06,36.0,36.0,36.3,17.6,9.4,3.0,1.2,0.8,2.5,0.573,0.587,0.083,0.643
daniel gibson,2006,daniel gibson,https://www.sports-reference.com/cbb/players/daniel-gibson-1.html,slug_search,100.0,Texas,Big 12,2005-06,37.0,37.0,33.2,13.4,3.6,3.1,1.3,0.3,1.9,0.405,0.456,0.38,0.726
david noel,2006,david noel,https://www.sports-reference.com/cbb/players/david-noel-1.html,slug_search,100.0,UNC,ACC,2005-06,31.0,31.0,33.7,12.9,6.8,3.5,1.1,0.7,3.1,0.532,0.58,0.424,0.625
dee brown,2006,dee brown,https://www.sports-reference.com/cbb/players/dee-brown-2.html,slug_search,100.0,Illinois,Big Ten,2005-06,33.0,33.0,35.8,14.2,3.1,5.8,1.6,0.0,2.8,0.359,0.407,0.321,0.757
denham brown,2006,denham brown,https://www.sports-reference.com/cbb/players/denham-brown-1.html,slug_search,100.0,UConn,Big East,2005-06,32.0,20.0,23.6,10.7,4.4,1.4,0.8,0.4,1.7,0.403,0.439,0.326,0.868
guillermo diaz,2006,guillermo diaz,https://www.sports-reference.com/cbb/players/guillermo-diaz-1.html,slug_search,100.0,Miami (FL),ACC,2005-06,34.0,34.0,35.2,17.2,2.9,2.9,1.1,0.2,2.0,0.415,0.458,0.364,0.789
hassan adams,2006,hassan adams,https://www.sports-reference.com/cbb/players/hassan-adams-1.html,slug_search,100.0,Arizona,Pac-10,2005-06,31.0,30.0,33.3,17.5,5.0,2.9,2.6,0.5,2.2,0.478,0.511,0.262,0.611
hilton armstrong,2006,hilton armstrong,https://www.sports-reference.com/cbb/players/hilton-armstrong-1.html,slug_search,100.0,UConn,Big East,2005-06,34.0,33.0,27.7,9.7,6.6,0.7,0.6,3.1,2.3,0.608,0.609,0.5,0.692
james augustine,2006,james augustine,https://www.sports-reference.com/cbb/players/james-augustine-1.html,slug_search,100.0,Illinois,Big Ten,2005-06,33.0,33.0,32.7,13.6,9.1,1.8,1.4,0.7,2.0,0.624,0.625,0.5,0.651
james white,2006,james white,https://www.sports-reference.com/cbb/players/james-white-1.html,slug_search,100.0,Cincinnati,Big East,2005-06,33.0,33.0,33.5,16.3,5.1,2.0,1.1,0.8,2.3,0.488,0.552,0.374,0.838
jj redick,2006,j j redick,https://www.sports-reference.com/cbb/players/jj-redick-1.html,slug_search,94.73684210526316,Duke,ACC,2005-06,36.0,36.0,37.1,26.8,2.0,2.6,1.4,0.1,2.5,0.47,0.521,0.421,0.863
jordan farmar,2006,jordan farmar,https://www.sports-reference.com/cbb/players/jordan-farmar-1.html,slug_search,100.0,UCLA,Pac-10,2005-06,37.0,37.0,30.4,13.5,2.6,5.1,1.1,0.2,3.6,0.41,0.472,0.333,0.717
josh boone,2006,josh boone,https://www.sports-reference.com/cbb/players/josh-boone-1.html,slug_search,100.0,UConn,Big East,2005-06,34.0,32.0,27.1,10.3,7.0,0.6,0.4,2.0,1.2,0.564,0.564,,0.547
kyle lowry,2006,kyle lowry,https://www.sports-reference.com/cbb/players/kyle-lowry-1.html,slug_search,100.0,Villanova,Big East,2005-06,33.0,31.0,29.3,11.0,4.3,3.7,2.3,0.2,2.1,0.466,0.468,0.444,0.786
lamarcus aldridge,2006,lamarcus aldridge,https://www.sports-reference.com/cbb/players/lamarcus-aldridge-1.html,slug_search,100.0,Texas,Big 12,2005-06,37.0,37.0,33.7,15.0,9.2,0.5,1.4,2.0,1.6,0.569,0.569,,0.646
leon powe,2006,leon powe,https://www.sports-reference.com/cbb/players/leon-powe-1.html,slug_search,100.0,Cal,Pac-10,2005-06,27.0,27.0,35.3,20.5,10.1,1.4,0.9,0.6,2.4,0.496,0.5,0.333,0.719
marcus williams,2006,marcus williams,https://www.sports-reference.com/cbb/players/marcus-williams-1.html,slug_search,100.0,UConn,Big East,2005-06,23.0,20.0,33.3,12.3,3.9,8.6,0.9,0.2,3.7,0.407,0.41,0.4,0.862
mardy collins,2006,mardy collins,https://www.sports-reference.com/cbb/players/mardy-collins-1.html,slug_search,100.0,Temple,A-10,2005-06,32.0,32.0,37.9,16.8,4.7,4.0,2.8,0.2,2.0,0.432,0.483,0.307,0.596
maurice ager,2006,maurice ager,https://www.sports-reference.com/cbb/players/maurice-ager-1.html,slug_search,100.0,Michigan St.,Big Ten,2005-06,34.0,34.0,34.4,19.3,4.1,2.5,0.7,0.3,2.6,0.457,0.522,0.376,0.761
p j tucker,2006,p j tucker,https://www.sports-reference.com/cbb/players/pj-tucker-1.html,slug_search,100.0,Texas,Big 12,2005-06,37.0,37.0,34.5,16.1,9.5,2.9,1.8,0.4,3.1,0.515,0.514,0.667,0.747
patrick o bryant,2006,patrick o bryant,https://www.sports-reference.com/cbb/players/patrick-obryant-1.html,slug_search,100.0,Bradley,MVC,2005-06,25.0,21.0,25.7,13.4,8.3,0.8,0.9,2.9,2.1,0.552,0.552,,0.676
paul davis,2006,paul davis,https://www.sports-reference.com/cbb/players/paul-davis-1.html,slug_search,100.0,Michigan St.,Big Ten,2005-06,33.0,33.0,30.8,17.5,9.1,1.6,1.0,0.9,2.5,0.566,0.58,0.316,0.87
paul millsap,2006,paul millsap,https://www.sports-reference.com/cbb/players/paul-millsap-1.html,slug_search,100.0,Louisiana Tech,WAC,2005-06,33.0,33.0,34.1,19.6,13.3,1.1,1.9,2.3,2.5,0.571,0.578,0.357,0.623
pinnock,2006,j r pinnock,https://www.sports-reference.com/cbb/players/jr-pinnock-1.html,slug_search,100.0,George Washington,A-10,2005-06,30.0,30.0,31.6,14.5,5.3,3.1,2.4,0.5,2.0,0.485,0.563,0.275,0.709
quincy douby,2006,quincy douby,https://www.sports-reference.com/cbb/players/quincy-douby-1.html,slug_search,100.0,Rutgers,Big East,2005-06,33.0,33.0,36.7,25.4,4.3,3.1,1.8,0.8,2.8,0.462,0.515,0.401,0.847
rajon rondo,2006,rajon rondo,https://www.sports-reference.com/cbb/players/rajon-rondo-1.html,slug_search,100.0,Kentucky,SEC,2005-06,34.0,28.0,31.0,11.2,6.1,4.9,2.0,0.1,2.3,0.482,0.54,0.273,0.571
randy foye,2006,randy foye,https://www.sports-reference.com/cbb/players/randy-foye-1.html,slug_search,100.0,Villanova,Big East,2005-06,33.0,33.0,34.7,20.5,5.8,3.0,1.4,0.6,2.2,0.411,0.463,0.35,0.791
renaldo balkman,2006,renaldo balkman,https://www.sports-reference.com/cbb/players/renaldo-balkman-1.html,slug_search,100.0,South Carolina,SEC,2005-06,38.0,22.0,25.7,9.6,6.3,1.9,1.7,1.3,1.7,0.608,0.624,0.308,0.538
rodney carney,2006,rodney carney,https://www.sports-reference.com/cbb/players/rodney-carney-1.html,slug_search,100.0,Memphis,CUSA,2005-06,37.0,29.0,27.2,17.2,4.3,1.3,1.3,0.7,1.5,0.436,0.484,0.391,0.712
ronnie brewer,2006,ronnie brewer,https://www.sports-reference.com/cbb/players/ronnie-brewer-1.html,slug_search,100.0,Arkansas,SEC,2005-06,32.0,31.0,34.8,18.4,4.8,3.3,2.6,0.5,2.2,0.441,0.493,0.338,0.75
rudy gay,2006,rudy gay,https://www.sports-reference.com/cbb/players/rudy-gay-1.html,slug_search,100.0,UConn,Big East,2005-06,33.0,33.0,30.8,15.2,6.4,2.1,1.8,1.6,2.5,0.461,0.5,0.318,0.732
ryan hollins,2006,ryan hollins,https://www.sports-reference.com/cbb/players/ryan-hollins-1.html,slug_search,100.0,UCLA,Pac-10,2005-06,33.0,24.0,21.5,7.0,4.8,0.3,0.2,0.9,1.2,0.619,0.619,,0.602
shannon brown,2006,shannon brown,https://www.sports-reference.com/cbb/players/shannon-brown-1.html,slug_search,100.0,Michigan St.,Big Ten,2005-06,34.0,34.0,35.2,17.2,4.4,2.7,1.5,0.1,2.5,0.467,0.513,0.39,0.83
shawne williams,2006,shawne williams,https://www.sports-reference.com/cbb/players/shawne-williams-1.html,slug_search,100.0,Memphis,CUSA,2005-06,36.0,34.0,27.3,13.2,6.2,1.9,1.4,1.4,2.3,0.416,0.489,0.312,0.786
shelden williams,2006,shelden williams,https://www.sports-reference.com/cbb/players/shelden-williams-1.html,slug_search,100.0,Duke,ACC,2005-06,36.0,36.0,33.3,18.8,10.7,1.1,1.7,3.8,2.5,0.578,0.582,0.333,0.744
solomon jones,2006,solomon jones,https://www.sports-reference.com/cbb/players/solomon-jones-1.html,slug_search,100.0,South Fla.,Big East,2005-06,29.0,29.0,36.4,13.2,9.8,1.3,0.9,3.1,3.5,0.484,0.488,0.0,0.778
steve novak,2006,steve novak,https://www.sports-reference.com/cbb/players/steve-novak-1.html,slug_search,100.0,Marquette,Big East,2005-06,31.0,31.0,33.8,17.5,5.9,1.3,0.6,0.1,1.0,0.477,0.5,0.467,0.974
tyrus thomas,2006,tyrus thomas,https://www.sports-reference.com/cbb/players/tyrus-thomas-1.html,slug_search,100.0,LSU,SEC,2005-06,32.0,21.0,25.9,12.3,9.2,1.3,1.0,3.1,1.8,0.608,0.606,1.0,0.657
will blalock,2006,will blalock,https://www.sports-reference.com/cbb/players/will-blalock-1.html,slug_search,100.0,Iowa St.,Big 12,2005-06,30.0,30.0,35.7,15.4,3.3,6.1,2.2,0.1,3.0,0.447,0.468,0.398,0.659
aaron brooks,2007,aaron brooks,https://www.sports-reference.com/cbb/players/aaron-brooks-1.html,slug_search,100.0,Oregon,Pac-10,2006-07,35.0,35.0,36.8,17.7,4.3,4.3,1.4,0.2,2.5,0.46,0.502,0.404,0.846
aaron gray,2007,aaron gray,https://www.sports-reference.com/cbb/players/aaron-gray-1.html,slug_search,100.0,Pitt,Big East,2006-07,36.0,35.0,28.2,13.9,9.5,1.7,0.4,1.7,1.5,0.565,0.565,,0.548
acie law,2007,acie law,https://www.sports-reference.com/cbb/players/acie-law-1.html,slug_search,100.0,Texas A&M,Big 12,2006-07,34.0,34.0,33.9,18.1,3.3,5.0,1.1,0.0,2.6,0.5,0.51,0.458,0.778
adam haluska,2007,adam haluska,https://www.sports-reference.com/cbb/players/adam-haluska-1.html,slug_search,100.0,Iowa,Big Ten,2006-07,31.0,31.0,34.5,20.5,4.6,2.6,1.4,0.3,1.7,0.408,0.459,0.363,0.87
al horford,2007,al horford,https://www.sports-reference.com/cbb/players/al-horford-1.html,slug_search,100.0,Florida,SEC,2006-07,38.0,36.0,27.8,13.2,9.5,2.2,0.7,1.8,1.8,0.608,0.612,0.0,0.644
al thornton,2007,al thornton,https://www.sports-reference.com/cbb/players/al-thornton-1.html,slug_search,100.0,Florida St.,ACC,2006-07,35.0,35.0,31.2,19.7,7.2,0.7,1.5,1.1,2.5,0.53,0.549,0.444,0.79
alando tucker,2007,alando tucker,https://www.sports-reference.com/cbb/players/alando-tucker-1.html,slug_search,100.0,Wisconsin,Big Ten,2006-07,36.0,36.0,32.8,19.9,5.4,2.0,0.9,0.3,1.7,0.47,0.512,0.325,0.659
arron afflalo,2007,arron afflalo,https://www.sports-reference.com/cbb/players/arron-afflalo-1.html,slug_search,100.0,UCLA,Pac-10,2006-07,36.0,36.0,32.9,16.9,2.8,1.9,0.6,0.2,1.8,0.461,0.549,0.375,0.802
brandan wright,2007,brandan wright,https://www.sports-reference.com/cbb/players/brandan-wright-1.html,slug_search,100.0,UNC,ACC,2006-07,37.0,37.0,27.4,14.7,6.2,1.0,1.0,1.8,1.6,0.646,0.646,,0.567
carl landry,2007,carl landry,https://www.sports-reference.com/cbb/players/carl-landry-1.html,slug_search,100.0,Purdue,Big Ten,2006-07,34.0,34.0,30.4,18.9,7.3,1.2,1.2,0.9,3.0,0.597,0.618,0.211,0.726
chris richard,2007,chris richard,https://www.sports-reference.com/cbb/players/chris-richard-1.html,slug_search,100.0,Florida,SEC,2006-07,40.0,4.0,18.2,6.2,3.7,0.4,0.3,0.3,1.2,0.69,0.69,,0.627
corey brewer,2007,corey brewer,https://www.sports-reference.com/cbb/players/corey-brewer-1.html,slug_search,100.0,Florida,SEC,2006-07,37.0,37.0,29.0,13.2,4.7,2.9,1.9,0.4,2.5,0.475,0.544,0.336,0.723
daequan cook,2007,daequan cook,https://www.sports-reference.com/cbb/players/daequan-cook-1.html,slug_search,100.0,Ohio St.,Big Ten,2006-07,39.0,1.0,19.7,9.8,4.3,1.0,0.7,0.3,1.4,0.445,0.465,0.415,0.697
demetris nichols,2007,demetris nichols,https://www.sports-reference.com/cbb/players/demetris-nichols-1.html,slug_search,100.0,Syracuse,Big East,2006-07,35.0,35.0,34.8,18.9,5.4,1.5,1.4,1.1,2.2,0.447,0.475,0.417,0.85
derrick byars,2007,derrick byars,https://www.sports-reference.com/cbb/players/derrick-byars-1.html,slug_search,100.0,Vanderbilt,SEC,2006-07,34.0,34.0,31.4,17.0,4.9,3.4,1.4,0.1,2.4,0.457,0.531,0.373,0.711
dj strawberry,2007,d j strawberry,https://www.sports-reference.com/cbb/players/dj-strawberry-1.html,slug_search,96.2962962962963,Maryland,ACC,2006-07,34.0,34.0,31.9,14.9,4.4,3.5,2.0,0.4,2.2,0.477,0.525,0.343,0.685
dominic mcguire,2007,dominic mcguire,https://www.sports-reference.com/cbb/players/dominic-mcguire-1.html,slug_search,100.0,Fresno St.,WAC,2006-07,32.0,32.0,32.9,13.5,9.8,3.3,0.9,3.6,3.7,0.471,0.516,0.299,0.586
gabe pruitt,2007,gabe pruitt,https://www.sports-reference.com/cbb/players/gabe-pruitt-1.html,slug_search,100.0,USC,Pac-10,2006-07,26.0,24.0,33.1,12.5,2.8,4.3,1.8,0.3,1.8,0.416,0.496,0.35,0.8
glen davis,2007,glen davis,https://www.sports-reference.com/cbb/players/glen-davis-1.html,slug_search,100.0,LSU,SEC,2006-07,29.0,28.0,35.0,17.7,10.4,2.3,1.1,1.0,2.8,0.484,0.505,0.347,0.713
greg oden,2007,greg oden,https://www.sports-reference.com/cbb/players/greg-oden-1.html,slug_search,100.0,Ohio St.,Big Ten,2006-07,32.0,31.0,28.9,15.7,9.6,0.7,0.6,3.3,2.0,0.616,0.616,,0.628
herbert hill,2007,herbert hill,https://www.sports-reference.com/cbb/players/herbert-hill-1.html,slug_search,100.0,Providence,Big East,2006-07,31.0,31.0,31.9,18.1,8.8,1.5,1.0,2.9,2.9,0.64,0.642,0.0,0.602
jameson curry,2007,jameson curry,https://www.sports-reference.com/cbb/players/jameson-curry-1.html,slug_search,100.0,Oklahoma St.,Big 12,2006-07,35.0,35.0,37.0,17.3,3.2,3.7,1.2,0.3,3.1,0.452,0.489,0.411,0.793
jared dudley,2007,jared dudley,https://www.sports-reference.com/cbb/players/jared-dudley-1.html,slug_search,100.0,Boston College,ACC,2006-07,30.0,30.0,38.4,19.0,8.3,3.0,1.4,0.3,2.6,0.562,0.602,0.443,0.743
jared jordan,2007,jared jordan,https://www.sports-reference.com/cbb/players/jared-jordan-1.html,slug_search,100.0,Marist,MAAC,2006-07,33.0,33.0,37.9,17.2,5.9,8.7,1.4,0.1,3.3,0.425,0.511,0.298,0.69
jason smith,2007,jason smith,https://www.sports-reference.com/cbb/players/jason-smith-1.html,slug_search,100.0,Colorado St.,MWC,2006-07,30.0,28.0,30.2,16.8,10.1,1.9,0.5,1.6,3.4,0.579,0.585,0.0,0.77
javaris crittenton,2007,javaris crittenton,https://www.sports-reference.com/cbb/players/javaris-crittenton-1.html,slug_search,100.0,Ga Tech,ACC,2006-07,32.0,31.0,31.3,14.4,3.7,5.8,2.0,0.1,3.9,0.45,0.488,0.356,0.783
jeff green,2007,jeff green,https://www.sports-reference.com/cbb/players/jeff-green-1.html,slug_search,100.0,Georgetown,Big East,2006-07,37.0,37.0,33.3,14.3,6.4,3.2,0.8,1.2,2.6,0.513,0.559,0.375,0.775
jermareo davidson,2007,jermareo davidson,https://www.sports-reference.com/cbb/players/jermareo-davidson-1.html,slug_search,100.0,Alabama,SEC,2006-07,30.0,30.0,32.3,14.0,8.2,1.5,0.8,2.3,1.7,0.407,0.414,0.25,0.775
joakim noah,2007,joakim noah,https://www.sports-reference.com/cbb/players/joakim-noah-1.html,slug_search,100.0,Florida,SEC,2006-07,40.0,40.0,25.9,12.0,8.4,2.3,1.1,1.8,2.5,0.607,0.606,1.0,0.663
josh mcroberts,2007,josh mcroberts,https://www.sports-reference.com/cbb/players/josh-mcroberts-1.html,slug_search,100.0,Duke,ACC,2006-07,33.0,32.0,35.3,13.0,7.9,3.5,1.2,2.5,2.4,0.502,0.523,0.217,0.664
julian wright,2007,julian wright,https://www.sports-reference.com/cbb/players/julian-wright-1.html,slug_search,100.0,Kansas,Big 12,2006-07,38.0,37.0,27.6,12.0,7.8,2.2,1.4,1.3,2.4,0.549,0.562,0.231,0.613
kevin durant,2007,kevin durant,https://www.sports-reference.com/cbb/players/kevin-durant-1.html,slug_search,100.0,Texas,Big 12,2006-07,35.0,35.0,35.9,25.8,11.1,1.3,1.9,1.9,2.8,0.473,0.505,0.404,0.816
marcus williams,2007,marcus williams,https://www.sports-reference.com/cbb/players/marcus-williams-1.html,slug_search,100.0,UConn,Big East,2005-06,23.0,20.0,33.3,12.3,3.9,8.6,0.9,0.2,3.7,0.407,0.41,0.4,0.862
mike conley,2007,mike conley,https://www.sports-reference.com/cbb/players/mike-conley-1.html,slug_search,100.0,Ohio St.,Big Ten,2006-07,39.0,39.0,31.6,11.3,3.4,6.1,2.2,0.3,2.2,0.518,0.579,0.304,0.694
morris almond,2007,morris almond,https://www.sports-reference.com/cbb/players/morris-almond-1.html,slug_search,100.0,Rice,CUSA,2006-07,32.0,32.0,33.4,26.4,6.6,1.2,1.2,0.8,3.4,0.483,0.496,0.456,0.846
nick fazekas,2007,nick fazekas,https://www.sports-reference.com/cbb/players/nick-fazekas-1.html,slug_search,100.0,Nevada,WAC,2006-07,32.0,32.0,30.3,20.4,11.1,1.8,0.8,1.5,2.0,0.568,0.591,0.431,0.848
nick young,2007,nick young,https://www.sports-reference.com/cbb/players/nick-young-1.html,slug_search,100.0,USC,Pac-10,2006-07,37.0,36.0,33.2,17.5,4.6,1.4,0.7,0.3,2.4,0.525,0.549,0.44,0.786
ramon sessions,2007,ramon sessions,https://www.sports-reference.com/cbb/players/ramon-sessions-1.html,slug_search,100.0,Nevada,WAC,2006-07,34.0,33.0,30.2,12.3,4.7,4.7,0.9,0.2,2.5,0.452,0.465,0.38,0.825
reyshawn terry,2007,reyshawn terry,https://www.sports-reference.com/cbb/players/reyshawn-terry-1.html,slug_search,100.0,UNC,ACC,2006-07,38.0,36.0,21.5,9.7,5.4,1.7,0.7,0.6,1.8,0.494,0.531,0.437,0.739
rodney stuckey,2007,rodney stuckey,https://www.sports-reference.com/cbb/players/rodney-stuckey-1.html,slug_search,100.0,Eastern Wash.,Big Sky,2006-07,29.0,29.0,33.3,24.6,4.7,5.5,2.4,0.3,3.4,0.453,0.541,0.267,0.846
sammy mejia,2007,sammy mejia,https://www.sports-reference.com/cbb/players/sammy-mejia-1.html,slug_search,100.0,DePaul,Big East,2006-07,34.0,34.0,33.5,14.1,5.9,2.6,1.0,0.1,1.9,0.481,0.537,0.353,0.602
sean williams,2007,sean williams,https://www.sports-reference.com/cbb/players/sean-williams-1.html,slug_search,100.0,Boston College,ACC,2006-07,15.0,15.0,32.2,12.1,6.9,1.2,1.4,5.0,2.3,0.548,0.548,,0.7
spencer hawes,2007,spencer hawes,https://www.sports-reference.com/cbb/players/spencer-hawes-1.html,slug_search,100.0,Washington,Pac-10,2006-07,31.0,24.0,28.9,14.9,6.4,1.9,0.5,1.7,2.5,0.532,0.533,0.333,0.755
stephane lasme,2007,stephane lasme,https://www.sports-reference.com/cbb/players/stephane-lasme-1.html,slug_search,100.0,Massachusetts,A-10,2006-07,33.0,33.0,30.6,13.5,9.5,0.8,0.9,5.1,2.4,0.611,0.611,,0.622
taurean green,2007,taurean green,https://www.sports-reference.com/cbb/players/taurean-green-1.html,slug_search,100.0,Florida,SEC,2006-07,40.0,40.0,33.2,13.3,2.4,3.7,1.1,0.0,2.7,0.444,0.497,0.406,0.849
thaddeus young,2007,thaddeus young,https://www.sports-reference.com/cbb/players/thaddeus-young-1.html,slug_search,100.0,Ga Tech,ACC,2006-07,31.0,31.0,29.6,14.4,4.9,2.0,1.3,0.4,2.2,0.478,0.498,0.419,0.743
wilson chandler,2007,wilson chandler,https://www.sports-reference.com/cbb/players/wilson-chandler-1.html,slug_search,100.0,DePaul,Big East,2006-07,34.0,32.0,31.7,14.6,6.9,1.4,0.6,1.4,1.6,0.45,0.494,0.333,0.654
